label,sample
artist_name,traumstaub88
artist_name,Johnny Cash, June Carter
artist_name,Charlie Byrd
artist_name,Joe Parnell
artist_name,Linkin Park
artist_name,Clara Nunes
artist_name,majamaja3333
artist_name,Pat Boone, Lew Douglas
artist_name,Ai Cover
artist_name,Margriet Askew
artist_name,wilburscott
artist_name,1lenny
artist_name,TheNicko81
artist_name,Jessidaniel
artist_name,Nara Le√£o
artist_name,Johnny Mathis
artist_name,VeryMusicChannel
artist_name,Alan Walker
artist_name,Tony Bennett
artist_name,Lotte Kestner
artist_name,Harry Belafonte
artist_name,Be√±at Eskauriatza
artist_name,davedavito
artist_name,NevermoreStranger
artist_name,Alex Armstrong
artist_name,OST Movie Soundtrack
artist_name,Gabrielle Aplin
artist_name,Gemma Hayes
artist_name,Marcos Valle
artist_name,H H
artist_name,AiMusicCover
artist_name,Swingstar Records
artist_name,Vin√≠cius de Moraes, Toquinho
artist_name,Nat King Cole
artist_name,breezy
artist_name,nurse joy
artist_name,Maria Beth√¢nia
artist_name,Jan 9, 2024, LOS MEJORES TEMAS DE CADA √ÅLBUM DE JOHNNY CASH
artist_name,Nat "King" Cole
artist_name,hypherism
artist_name,watchman4wales
artist_name,Nana Caymmi
artist_name,HardyzGuy25
artist_name,Wesley.B
artist_name,ItsWaldo
artist_name,XxXPLAYERONEXxX
artist_name,Pete Willen
artist_name,Eartha Kitt & Henri R√©ne
artist_name,Apr 23, 2023, kpop songs, AI covers, beauty tips
artist_name,Vakio
artist_name,Yuuto Ichika
artist_name,darkrift1111
artist_name,WayfarerGirl
artist_name,Hanniev01
artist_name,Foamy
artist_name,The Tennessee Two, Johnny Cash
artist_name,didjital vibe
artist_name,Deizulhesque
artist_name,Jo√£o Gilberto
artist_name,Luiz Bonf√°
artist_name,TheWaylor085
artist_name,Perry Como
artist_name,Stan Getz
artist_name,Apr 1, 2023, Relaxing Coffe
artist_name,livethedukewayne
artist_name,Sokar
artist_name,wolftrack57
artist_name,Volodymyr Shynkar
artist_name,Elza Soares
artist_name,Baden Powell
artist_name,BATERKA Lyrics
artist_name,Sylvia Telles, Ant√¥nio Carlos Jobim
artist_name,Roberto Menescal E Seu Conjunto
artist_name,Country Gospel 
artist_name,MasaccioGlamour
artist_name,AI Hit Factory
artist_name,bielie99
artist_name,Pat Boone
artist_name,Ricky Nelson
artist_name,Stan Getz, Luiz Bonfa
artist_name,Griff
artist_name,coyotejack65
artist_name,ZZ Top
artist_name,landoflansdowne
artist_name,Ane Brun, Linn√©a Olsson
artist_name,Dany Crew Beat
artist_name,Toquinho
artist_name,Alan Silvestri, Billy Gibbons, Dusty Hill, Frank Beard
artist_name,gdmfer
artist_name,Caetano Veloso
artist_name,Antonio Carlos Jobim
artist_name,Johnny Cash, June Carter Cash
artist_name,Aug 26, 2023, AI Voice Changer
artist_name,S√©rgio Mendes
artist_name,ZAC
artist_name,Orvis88
artist_name,Count Basie Sidemen
artist_name,Judy Garland
artist_name,Botanics
artist_name,mistersanchito
artist_name,Billy Eckstine, Lionel Newman
artist_name,ezzytube74
artist_name,Lemar
artist_name,yollom600
artist_name,Taken By Trees
artist_name,Fernanda Takai
artist_name,Michael Hurt
artist_name,awesomenessk
artist_name,Musica&Poesia
artist_name,Doris Day
artist_name,Johnny Cash Lyrics
artist_name,Wackytackyist
artist_name,WhoAmI AiCover
artist_name,GIGS
artist_name,Aug 11, 2021, Unashamed with Phil & Jase Robertson Podcast
artist_name,lapislazuli42
artist_name,Julian Czech
artist_name,PGCFusion
artist_name,The Lennon Sisters
artist_name,Alma van Hensen
artist_name,Ane Brun
artist_name,Cide Effex
artist_name,TopRankEntertainment
artist_name,davidhertzberg
artist_name,Taylor Swift
artist_name,ILOveOldies
artist_name,AC/DC
artist_name,AI Sings
artist_name,finlarg
artist_name,abargle
artist_name,Gene Autry; Orchestra conducted by Carl Cotner
artist_name,Bing Crosby
artist_name,Scott Bradlee's Postmodern Jukebox
artist_name,PluggingAI
artist_name,Patrick W.
artist_name,Jonathan Aichler
artist_name,cszy67
artist_name,Bruno Mars
artist_name,MrSP0T
artist_name,Quarteto Em Cy
artist_name,Michael Baker
artist_name,The Ghost of Johnny Cash
artist_name,Carlos Lyra
artist_name,matt
artist_name,Elizete Cardoso
artist_name,MrBlondie02
artist_name,TopDownProducitons
artist_name,Fredrik Boman
artist_name,ksufler
artist_name,terrytuker1
artist_name,Sergio Mendes & Brasil'66
artist_name,Mel Torm√©
artist_name,Ricky Nelson, Dean Martin
artist_name,Hippekuln
artist_name,Kaitie Lutz
artist_name,gduwen
artist_name,Johnny Cash
artist_name,Aug 24, 2010, Featured Cars
artist_name,Ant√¥nio Carlos Jobim
artist_name,themusicman354
artist_name,Andrew Cohen
artist_name,Evanescence
artist_name,missrockin bop
artist_name,zaires50
artist_name,Metal8909
artist_name,Josh Franklin
artist_name,The Gregory Brothers
artist_name,Megan Wyler
artist_name,Vampwriter
artist_name,Gilberto Gil
artist_name,Boyce Avenue
artist_name,easylyricsorg3609
artist_name,Scripted
artist_name,TaTa Nodia
artist_name,MissJennyCash
artist_name,Mandy Lee
artist_name,Glen Campbell
artist_name,Gene Autry
artist_name,twinny hardaway
artist_name,Tom F
artist_name,Jun 9, 2022, Conan O'Brien Needs A Friend l Team Coco
artist_name,James Wilson
artist_name,Oke She Moke She Pop
artist_name,Oct 17, 2023, Oldies Music Hits
artist_name,aidar
artist_name,Sylvia Telles
artist_name,Ryley Brz
artist_name,creepingthrash
artist_name,Billy Eckstine
artist_name,JVKE
artist_name,PilotOfTheAirwaves1
artist_name,Music Legends Book
artist_name,Michael Bubl√©
artist_name,hplailane
artist_name,Southern Rocker
artist_name,Arte
artist_name,Branches
artist_name,JechucamTF2
artist_name,Bobby Darin
artist_name,ZZ3R0
artist_name,amiSucks
artist_name,youfeelme
artist_name,Johnny Cash Central
artist_name,Jun 2, 2023, Melhores (e Piores) Vocalistas do Rock - Debate LIVE!
artist_name,Birdy
artist_name,Jorge Ben Jor
artist_name,Dinah Washington
artist_name,lightningr0d
artist_name,LiliDVLima
artist_name,Ellie Goulding
artist_name,Joao Gilberto
artist_name,Mike
artist_name,lIBioHazardIl
artist_name,Andrew Ripp
artist_name,MrPooby1111
artist_name,Radio Vintage
artist_name,Manor
artist_name,PellesXFile
artist_name,George Thorogood & The Destroyers
artist_name,Aaron Escobar
artist_name,SuperCraft 85
artist_name,Big Mood
artist_name,ToastedForOnce-Archived
artist_name,Mario Boronat
artist_name,Dave Acklin
artist_name,Dean Martin
artist_name,REBEL SONGBIRD
artist_name,Lewis Capaldi
artist_name,DarthSeptic
artist_name,Antonio Carlos Jobim, Frank Sinatra
artist_name,Astrud Gilberto
artist_name,clacer cabeza
artist_name,The_Ramdom_Cheese
artist_name,seucrispa
artist_name,NeftyN3f
artist_name,CUBANCASH77
artist_name,Elis Regina, Antonio Carlos Jobim
artist_name,Barbara Pellegatta
artist_name,Gladiator GTS
artist_name,Jul 12, 2022, Roots Music History Podcast
artist_name,Tony Bennett, Count Basie Orchestra
artist_name,JennyMusic
artist_name,Ralulafo
artist_name,Shozab Hussain
artist_name,Top 10 Male Vocalists
artist_name,lrh1966
artist_name,Johnny Cash, George Jones
artist_name,Hank Hamm
artist_name,John Denver
artist_name,Brenda Lee
artist_name,JC Videos
artist_name,ItsWaldo (Walter Brinkman)
artist_name,Olly Alexander (Years & Years)
artist_name,Count Basie and His Orchestra
artist_name,Andy Williams
artist_name,Vin√≠cius de Moraes
artist_name,The Highwaymen, Willie Nelson, Johnny Cash, Waylon Jennings
artist_name,Beny 81
artist_name,James Vincent McMorrow
artist_name,Kortje Alexander
artist_name,Frankie Laine
artist_name,Jo√£o GIlberto
artist_name,Thiago Ribeiro
artist_name,Stan Getz, Joao Gilberto
artist_name,Freedom Fry
artist_name,BoxTube
artist_name,Mi√∫cha, Antonio Carlos Jobim
artist_name,S√©rgio Augusto
artist_name,CashFan
artist_name,Joe Raymond
artist_name,Mandy Lee, Boyce Avenue
artist_name,jannnoify
artist_name,Burl Ives
artist_name,SuperBluecountry
artist_name,Aryel Sharon
artist_name,archived
artist_name,You.me.oui.!
artist_name,FromTheBasement
artist_name,Lady Gaga
artist_name,onemediamusic
artist_name,TheBadassRockola
artist_name,Jun 18, 2023, Cow Vibing
artist_name,Kilo2199
artist_name,Fbgprey
artist_name,MssKathy16
artist_name,CountryQueen4Ever
artist_name,Skylar Grey
artist_name,13jalopy
artist_name,Eddlicious
artist_name,AI COVERS
artist_name,Lykke Li
artist_name,Jo√£o GIlberto, Stan Getz
artist_name,Angus & Julia Stone
artist_name,Mahogany Records
artist_name,Francis Hime
artist_name,prodbyluke
artist_name,VudiRoeller2000
artist_name,simon l√∂vgren
artist_name,Johnny Cash Infocenter
artist_name,ZaCool27
artist_name,askimsuger
artist_name,jan nov√°k
artist_name,joeybbbbbz
artist_name,Katie Melua
artist_name,Ryuma
artist_name,Mateus√£o
artist_name,Toquinho, Vin√≠cius de Moraes
artist_name,MrSledge67
artist_name,Dan
artist_name,Johnny Cash, The Statler Brothers
artist_name,Verve Records
artist_name,Fuzzy Legends Archives
artist_name,Alan Walker, YUQI, JVKE
artist_name,The Highwaymen
artist_name,Joyce
artist_name,Sammy Davis Jr.
artist_name,the ai man
artist_name,Kip
artist_name,flipperdolfin
artist_name,John Maria Strong
artist_name,Bob Dylan
artist_name,Pavlo Ilnytskyy
artist_name,Roriloty
artist_name,Daniela Andrade
artist_name,Tena Aera
artist_name,Harry Connick Jr.
artist_name,Rick Hale
artist_name,William Fitzsimmons
artist_name,Kina Grannis
artist_name,Johnny Cash, Waylon Jennings
artist_name,Chill Out Sex Band
artist_name,Tom√°s Afoito
artist_name,Maurito Torment
artist_name,Louis Armstrong
artist_name,Paloma Faith
artist_name,Toquinho, Chico Buarque
artist_name,Juca Chaves
artist_name,Charlene Soraia
artist_name,Muchtutty
artist_name,Hankster601
artist_name,Michael Schulte
artist_name,Scoobis
artist_name,liberator
artist_name,Tvde1
artist_name,AURORA
artist_name,The Weeknd
artist_name,The Music Interlude
artist_name,GreenGreenGrasOfHome
artist_name,Zzivotije
artist_name,Adele
artist_name,Tom Baumruk
artist_name,Frank Sinatra, Julio Iglesias
artist_name,Adriano Ornelas
artist_name,fleetadmiral1
artist_name,socijalist81
artist_name,Ella Eyre
artist_name,Robert G. Fullarton
artist_name,derSafran
artist_name,Frank Sinatra, Count Basie
artist_name,Elvis Presley
artist_name,Bernardo Lobo
artist_name,Amy Cassidy
artist_name,Country Gospel
artist_name,Jalissa Murray
artist_name,Tom Jobim
artist_name,Billy Gibbons And The BFG's
artist_name,Sleeping At Last
artist_name,Bopper JR
artist_name,Emeli Sand√©
artist_name,MeowCenter
artist_name,Tomi_C
artist_name,Lifeples
artist_name,Pixie Lott
artist_name,Rudy Doo
artist_name,MrReiskocher
artist_name,Undi46
artist_name,AlanPaladin
artist_name,Covers.ai
artist_name,Jenny & Tyler
artist_name,TheGlobetrotteuse14
artist_name,Jun 5, 2023, Meilleure musique
artist_name,Hard Rock
artist_name,Josef Salvat
artist_name,Mar 29, 2023, Elvis Presley and Roy Orbison Fans in the world
artist_name,ricdmt101
artist_name,TVG | Darivar ESCA
artist_name,Slow Moving Millie
artist_name,Elis Regina
artist_name,kneapoe51
artist_name,The RatPack
artist_name,titschyquitschy0008
artist_name,Country & Classics
artist_name,Daniel Soares
artist_name,Jess Glynne
artist_name,Parachutes
artist_name,rockero180
artist_name,gregbn
artist_name,Billy F Gibbons
artist_name,Nate Anim8
artist_name,Bing Crosby, Frank Sinatra, Nat King Cole
artist_name,Mi√∫cha, Ant√¥nio Carlos Jobim
artist_name,F√£s do Vav√°
artist_name,Frank Sinatra
artist_name,Sun Records
artist_name,Diabo Ousado
artist_name,Christopher Adames
artist_name,Vaughan Monroe
artist_name,Ella Fitzgerald
artist_name,The Riders
artist_name,MrNixa123
artist_name,Eddie Fisher
artist_name,Lifeples (AI Music)
artist_name,WolvesFanNo1
artist_name,oiyoo
artist_name,RAYLOWESWINGS
artist_name,Alice Lamb
artist_name,Arthur is ADJ
artist_name,Aileen Smith
artist_name,CassidyCrayon
artist_name,Charles Brown
artist_name,Ed Sheeran
artist_name,Sesame Street
artist_name,cowboyfromrockcity
artist_name,JohnnyCashShow
artist_name,Ryan Adams
artist_name,Jason Walker
artist_name,Shiga
artist_name,thenoname365
artist_name,Alvin
song_name,You Make Me Feel So Young
song_name,ZZ Top - Rough Boy
song_name,Knocking on Heaven's Door
song_name,Tear Stained Letter
song_name,Kanye West - Passionfruit
song_name,Man in Black
song_name,The Ways Of A Woman In Love - Johnny Cash
song_name,The Story Of A Broken Heart
song_name,Johnny Cash - W. Lee O Daniel
song_name,Wuant/Windoh/Kazzio/Dark-
song_name,Bird On A Wire
song_name,Kanye West - Nights
song_name,You Forgot All The Words
song_name,Ya Better Stop
song_name,First Cut Is The Deepest
song_name,Drive On
song_name,Fly Me To The Moon
song_name,Can't Help Falling In Love
song_name,Jingle Bells
song_name,Smiling Bill McCall
song_name,The Highwaymen  It Is What It Is
song_name,High Hopes)
song_name,Johnny Cash - That's All Over lyrics
song_name,Feel Good Inc.
song_name,ZZ Top 'A Fool For Your Stockings'
song_name,ZZ Top - Stages
song_name,Treat Her Right
song_name,Johnny Cash-Give My Love To Rose
song_name,Thunderstruck
song_name,Fun fact 4 fortnite
song_name,S√≥ Tinha De Ser Com Voc√™
song_name,Chartreuse
song_name,Sharp Dressed Man
song_name,Frank Sinatra - Old Man River
song_name,Johnny Cash - I Want To Go Home
song_name,Johnny cash   down the street to 301 0001
song_name,The Highwaymen The Devils Right Hand
song_name,Astrud Gilberto - Agua De Beber
song_name,Bandana
song_name,Fun fact 5 red light green light
song_name,Grenade
song_name,Santa Baby
song_name,GLEN SHERLEY - LOOKING BACK IN ANGER 1971
song_name,I Thought About You
song_name,Katy Too
song_name,Johnny Cash - The Blues Keep Getting Bluer lyrics
song_name,BMO sings Rises the Moon
song_name,The Lady Is a Tramp
song_name,Legend of John Henry's Hammer
song_name,ZZ Top - Jesus Just Left Chicago
song_name,Presidente Bossa Nova
song_name,Please- Please- Please- Let Me Get What I Want
song_name,Get Happy
song_name,Cheek to Cheek
song_name,When I Stop Loving You
song_name,Let It Go)
song_name,If You Are But A Dream
song_name,Emmylou Harris- Mary Chapin Carpenter- Sheryl Crow & Marty Stuart - Flesh and Blood
song_name,Love Is Here To Stay
song_name,Johnny Cash - Thanksgiving / I Thank You
song_name,There Ain't No Good Chain Gang
song_name,A Holly Jolly Christmas
song_name,Nothing But The Best
song_name,Let Me Down Easy
song_name,Candle In The Wind
song_name,Roughneck
song_name,Don't take your guns to town lyrics
song_name,Johnny Cash - The man on the hill
song_name,Johnny Cash - I'm Alright Now
song_name,I Love You Because
song_name,Johnny Cash at San Quentin 1969
song_name,Tennessee Flat Top Box
song_name,Sinatra sings Jump Up- Super Star
song_name,The Lady Is A Tramp Live
song_name,Jacob Green
song_name,Run softly-blue river with lyrics
song_name,Johnny Cash - Little Magic Glasses
song_name,Half As Lovely
song_name,Me and Bobby McGee
song_name,South Of The Border
song_name,Johnny Cash - The Baron - 04/10 A Ceiling-Four Walls And A Floor
song_name,Man in black with lyrics
song_name,The Ways of a Woman in Love
song_name,In Them Old Cottonfileds Back Home
song_name,Wild Horses
song_name,One Piece at a Time
song_name,Safira)
song_name,Next in Line
song_name,I've Had My Moments
song_name,Michael Jackson ft. Bruno Mars - Treasure
song_name,ZZ Top - Just Got Back From Baby's
song_name,Downtown
song_name,Bonanza !
song_name,Folsom Prison Blues
song_name,Tall Man
song_name,Just Got Paid
song_name,Lead My Father
song_name,I Call Him
song_name,Manic Mechanic
song_name,Johnny Cash "Man In Black"
song_name,Johnny Cash and June Carter - Jackson with lyrics
song_name,Ricfazeres - Jump Up- Super Star
song_name,Christmas Is Coming
song_name,ZZ Top - Over You
song_name,Busted
song_name,I FEEL BETTER ALL OVER by JOHNNY CASH
song_name,Ballad of a Teenage Queen
song_name,Waylon Jennings And Johnny Cash- I Wish I Was Crazy Again
song_name,Samba do Avi√£o
song_name,Blue Jean Blues
song_name,ZZ top - Made into a movie
song_name,Johnny Cash Five minutes to live
song_name,Johnny Yuma~
song_name,Wer kennt den Weg
song_name,O Frank Sinatra do Heavy Metal
song_name,My Favorite Things
song_name,Voce Abusou
song_name,I Want To Go Home
song_name,It Ain't Me- Babe
song_name,Jhankar)
song_name,The Girl From Ipanema
song_name,Nothing Without You
song_name,Cat's In The Cradle
song_name,Witchcraft
song_name,Dindi
song_name,ZZ Top - 08 Sure Got Cold After The Rain Fell - Rio Grande Mud 1972 mix
song_name,The Everly Brothers  ~ "That Silver Haired Daddy Of Mine"
song_name,Going To Memphis
song_name,Transfusion Blues
song_name,Jschlatt - Ballin'
song_name,Johnny Cash - "One"
song_name,My Way
song_name,Rio Grande Mud 1972 mix
song_name,Dipping Low
song_name,My Grandfather's Clock
song_name,The Tender Trap
song_name,Ballad Of A Teenage Queen
song_name,Your're Beautiful
song_name,He'll Be A Friend
song_name,Rockin' Around The Christmas Tree
song_name,Frank Sinatra | Concert Collection
song_name,Kazzio -
song_name,True Colors
song_name,Ghost Riders In The Sky Legendado Tradu√ß√£o
song_name,The Impatient Years
song_name,Pomni
song_name,Johnny Cash smiling bill mccall
song_name,This Happy Madness
song_name,THE GREATEST COWBOY OF THEM ALL - Johnny Cash
song_name,Willie Nelson - I Still Miss Someone
song_name,Feeling Good - Frank Sinatra
song_name,Robbie Williams - My Way
song_name,Waiting For a Train
song_name,Rudolph the Red-Nosed Reindeer
song_name,Night and Day
song_name,My Eyes
song_name,Carta Ao Tom 74
song_name,Love the Way You Lie- Part III
song_name,Manha de Carnaval
song_name,Johnny Cash-I Forgot to Remember to Forget
song_name,Johnny Cash - Ballad Of Teenage Queen
song_name,√Åguas De Mar√ßo
song_name,Freddie Mercury - Chamber of Reflection
song_name,Vegeta
song_name,Best Jazz Songs 2023 üé∑  Louis Armstrong- Frank Sinatra- Norah John- Diana Krall- Ella Fitzgerald
song_name,Give My Love To Rose
song_name,Johnny Cash - Come in stranger
song_name,Don't Like Goodbyes
song_name,My Grandfathers Clock
song_name,Adeste Fideles
song_name,Kiss Me
song_name,Love The Hell Out Of You
song_name,Jesus Just Left Chicago
song_name,TheLivingTombstone - FNAF 1 Song
song_name,The Highwayman
song_name,Santa Claus Is Coming to Town
song_name,Samba Torto
song_name,Johnny Cash-I Could Never Be Ashamed of You
song_name,Don't Take Your Guns to Town
song_name,Johnny Cash - Personal Jesus
song_name,Jackson
song_name,O Holy Night
song_name,J-O-H-N-N-Y C-A-S-H - I've Been Everywhere - With Lyrics
song_name,Johnny cash-delia's gone
song_name,Johnny Cash - Wreck of the old 97 - Live at San Quentin
song_name,Our Town
song_name,ZZ TOP - Just Got Paid
song_name,Just Can't Get Enough
song_name,Punk Ass Boyfriend
song_name,I Forgot More Than You'll Ever Know
song_name,Just Got Back From Baby's
song_name,Frankie's Man Johnny
song_name,Christmas In New Orleans
song_name,Johnny Cash - I Could Never Be Ashamed Of You
song_name,Let The Train Blow The Whistle
song_name,At Long Last Love
song_name,Mama's Baby
song_name,Frank Sinatra - Witchcraft
song_name,ZZ Top - Manic Mechanic
song_name,Shantytown
song_name,One Bourbon- One Scotch- One Beer
song_name,These Foolish Things
song_name,Frank Sinatra   I Love You Baby
song_name,Neighbor- Neighbor
song_name,ballin'
song_name,Johnny Cash - Walkin' the Blues
song_name,Don't Think Twice
song_name,You Remembered Me
song_name,White Christmas
song_name,ZZ Top with lyrics
song_name,How About You?
song_name,Johnny Cash - Please Don't Play Red River Valley
song_name,Another Man Done Gone - Johnny Cash
song_name,I've got you under my skin
song_name,Johnny Cash - Let The Train Blow The Whistle
song_name,P.S. I Love You
song_name,Balan√ßo Zona Sul
song_name,The Matador - Johnny Cash
song_name,With Lyrics
song_name,ZZ Top - El Diablo
song_name,Somewhere I Belong
song_name,Going Under
song_name,Johnny Cash - That old Wheel
song_name,I Couldn't Sleep A Wink Last Night
song_name,Send A Picture Of Mother
song_name,Johnny Cash - That¬¥s The Way It Is
song_name,JOHNNY CASH - After All
song_name,Never Tear Us Apart
song_name,Wonderwall
song_name,Makin' Whoopee
song_name,The Nearness Of You
song_name,Series of Dozer
song_name,Moonlight In Vermont
song_name,Dark Frame -
song_name,Johnny Cash - Don't Make Me Go
song_name,Second Honeymoon
song_name,Johnny Cash - My shoes keep walking back to you
song_name,I Kissed a Girl
song_name,Greatest
song_name,Body And Soul
song_name,Frank Sinatra AI Cover
song_name,Time Changes Everything
song_name,Frank Sinatra - L.O.V.E.
song_name,Wuant/Dark/Kazzio - Lembra-te de Mim
song_name,Wo Ist Zuhause-Mama
song_name,Rhythmeen
song_name,I'm Yours
song_name,Chain Gang
song_name,Johnny Cash - A Backstage Pass
song_name,Melhor de Mim)
song_name,ZZ Top - 05 Chevrolet - Rio Grande Mud 1972 mix
song_name,Bad To The Bone
song_name,Frank Sinatra - Come Fly With Me
song_name,Rapaz de Bem
song_name,Ballin'
song_name,March 1990)
song_name,You Go To My Head
song_name,U2 - Don't Take Your Guns To Town
song_name,Cat's In The Cradle-Johnny Cash
song_name,Wings
song_name,I Got Stripes
song_name,Fraink Sinatra ‚Äì Get Lucky
song_name,Johnny Cash - Jacob Green
song_name,Johnny Cash-Next in Line
song_name,I've Got You Under My Skin
song_name,ZZTop - 2000 blues
song_name,City of New Orleans
song_name,When You Wish Upon a Star
song_name,Johnny Cash & June Carter Cash - Where Did We Go Right
song_name,Michael
song_name,Sidewalks
song_name,Johnny Cash - The Ballad Of Barbara
song_name,I Thank You
song_name,Michael Jackson feat Bruno Mars - When I was your man
song_name,Breaking the Habit
song_name,Blue Christmas
song_name,Let The Lower Lights Be Burning
song_name,You Won't Have Far To Go
song_name,Legends in Concert
song_name,Doubleback
song_name,Johnny Cash - Boss Jack
song_name,Johnny Cash the fable of willie brown
song_name,Chattanooga City Limit Sign
song_name,Wherever You Will Go
song_name,Heard It On The X
song_name,That's All Over
song_name,Master of Sparks
song_name,Delia'a Gone
song_name,I Forgot to Remember to Forget
song_name,Samba de Ver√£o
song_name,Plankton - Beggin'
song_name,FNAF 1 Song
song_name,ZZ Top - Neighbor- Neighbor
song_name,Made into a movie
song_name,FREE AI Voice Changer - How To Create AI Cover Songs
song_name,First Time Ever I Saw Your Face
song_name,I Believe in a Thing Called Love
song_name,I'd Rather Die Young
song_name,Waitin' For the Bus
song_name,Top Box
song_name,The Big Battle
song_name,False Alarm
song_name,After Taxes - Johnny Cash
song_name,Primavera
song_name,Samba De Ver√£o
song_name,ZZ Top - Waitin' For the Bus
song_name,Apologize
song_name,I Walk The Line
song_name,Treasure
song_name,Wayfaring Stranger
song_name,Johnny Cash - Busted - Live at Folsom Prison
song_name,Bohemian Rhapsody - Frank Sinatra
song_name,Taking A Chance On Love
song_name,I Can't Get Started
song_name,The One on the Right Is on the Left
song_name,We Found Love
song_name,Johnny Cash - Dorraine of Ponchartrain
song_name,Before You Go
song_name,Day Out
song_name,Waiting For A Train
song_name,Goin Down To Mexico
song_name,A Cabritinha)
song_name,Life Of A Prisoner
song_name,Orange Blossom Special
song_name,ZZ Top - Certified Blues
song_name,Unforgettable
song_name,Melody Of Love
song_name,Home Of The Blues
song_name,Lying from You
song_name,Subtitulada
song_name,Mourning)
song_name,Sweet Lorraine
song_name,Johnny Cash - Wer kennt den Weg
song_name,A Lonely Night
song_name,The Nights)
song_name,Are All The Children In
song_name,I Got Shoes
song_name,Slow rider
song_name,Hot- Blue and Righteous
song_name,Foreword
song_name,Tom T. Hall & Johnny Cash - Last Of The Drifters 1988
song_name,Frank Sinatra & Crooners
song_name,Hey Porter
song_name,I'll remember you
song_name,Tennessee Flat-Top Box
song_name,Man On The Hill
song_name,Sunflower)
song_name,The Way You Look Tonight
song_name,No- No- No
song_name,Johnny Cash - Slow rider
song_name,Johnny Cash and Rosanne Cash - September When It Comes
song_name,That's All Over lyrics
song_name,Blues For Two
song_name,The one on the right is on the left with lyrics
song_name,Johnny Cash - The one on the right is on the left with lyrics
song_name,Eternal Flame
song_name,Johnny Cash - Pickin' Time
song_name,Frank Sinatra All of Me
song_name,He'll Understand And Say Well Done
song_name,Johnny Cash - Man in black with lyrics
song_name,Vincent Price Blues
song_name,The Journey of Johnny Cash + June Carter | Their Full Love Story
song_name,Johnny Cash - Big River
song_name,Medita√ß√£o
song_name,Baby Ride Easy lyrics
song_name,Neco arc
song_name,fun fact 6
song_name,Call Me
song_name,UNDERSTAND   YOUR  MAN by JOHNNY  CASH
song_name,Johnny Cash - Guess things happen that way lyrics
song_name,A Little At A Time
song_name,Insensatez
song_name,The Blues Keep Getting Bluer lyrics
song_name,Johnny Cash - Send a picture of mother - Live at Folsom Prison
song_name,Last Of The Drifters 1988
song_name,Make You Feel My Love
song_name,Ronnie James Dio - O Frank Sinatra do Heavy Metal
song_name,Faint
song_name,ZZ Top - My Head's in Mississippi
song_name,Rough Boy
song_name,this is what falling in love feels like
song_name,Johnny Cash - He Turned the Water into Wine - Live at San Quentin
song_name,Johnny Cash - Lumberjack
song_name,Johnny Cash - Starkville City jail - Live at San Quentin
song_name,Why Should I Cry Over You
song_name,Pick A Bale O' Cotton
song_name,Johnny Cash & June Carter - It Ain't Me- Babe
song_name,Weep They Will
song_name,Come Fly With Me
song_name,Voc√™ e Eu
song_name,Ballad Of Teenage Queen
song_name,Zat You Santa Claus
song_name,It's Blues Time!
song_name,Pavlo Ilnytskyy ‚Äì My Way
song_name,Wait For Me
song_name,Sugartime
song_name,The Highwaymen I Do Believe
song_name,Johnny Cash - Goodbye- Little Darlin'
song_name,Honky Tonk Girl
song_name,I Would Like To See You Again
song_name,Easier to Run
song_name,Drink To Me
song_name,Wuant/Windoh/Kazzio/Dark -
song_name,ZZTop "Hot- Blue And Righteous"
song_name,Viva La Vida ft. The Kid LAROI
song_name,ZZ Top - Waitin' for the Bus
song_name,Hurt
song_name,Frank Sinatra-Killing me softly
song_name,Pickin' Time lyrics
song_name,Highway to Hell
song_name,These Things Shall Pass
song_name,Son Goku
song_name,Linkin Park - Somebody That I Used To Know
song_name,Gang Guys Tribute TV Show)
song_name,ZZ Top - Arrested For Driving While Blind
song_name,Frank Sinatra - Cheek To Cheek
song_name,Johnny Cash - Redemption
song_name,Velcro Fly
song_name,Pixie Lott - Apologize
song_name,The Most Wonderful Time Of The Year
song_name,a-ha - Take On Me - Frank Sinatra
song_name,Personal Jesus
song_name,Wish You The Best
song_name,Mr Lonesome
song_name,JOHNNY CASH - Tennessee
song_name,The Ways Of A Woman In Love
song_name,Johnny Cash - Run softly-blue river with lyrics
song_name,Johnny Cash The Ring Of Fire
song_name,Port Of Lonely Hearts
song_name,Tennessee Stud
song_name,Any Kind Of Life
song_name,Alanzoka - Hino de Portugal
song_name,Johnny Cash-The Reverend Mr.Black
song_name,Planet of Women
song_name,Tube Snake Boogie
song_name,H√¥-B√°-L√°-L√°
song_name,Johnny Cash - I Won't Back Down
song_name,ZZ Top - Asleep In The Desert
song_name,Frank Sinatra - Somethin' Stupid
song_name,Silver Bells
song_name,Johnny Cash-Legend of John Henry's Hammer
song_name,La Grange
song_name,You're All I Want for Christmas
song_name,Luther Played The Boogie
song_name,It's Just About Time
song_name,I've Got A Crush On You
song_name,Johnny Cash - i got stripes
song_name,Marty Stuart & the Fairfield Four - Belshazzar
song_name,DIO Sings Fighting Gold
song_name,Johnny Cash - Wanted Man - Live at San Quentin
song_name,Train of Love
song_name,Unchained Melody
song_name,Johnny Cash - 1959 Full Concert Compton- CA
song_name,Johnny Cash & June Carter
song_name,I Won't Back Down
song_name,Thanks A Lot
song_name,Old Doc Brown
song_name,Something's Gotta Give
song_name,Dave Matthews & Emmylou Harris - Long Black Veil
song_name,Don't Step On Mother's Roses
song_name,11
song_name,ZZ Top - Planet of Women
song_name,Wuant
song_name,She came from the mountains - Johnny Cash
song_name,Johnny Cash - 'Cause I Love You
song_name,True love travels on a gravel road - The Highwaymen
song_name,Bones)
song_name,Pincushion
song_name,Six Feet Under
song_name,Sweet Child o' Mine
song_name,Thriller
song_name,June Carter Cash & Marty Stuart - Ring Of Fire
song_name,golden hour
song_name,You- My Love
song_name,Can I Steal A Little Love
song_name,Five Feet High And Rising
song_name,Delirious
song_name,O Pato
song_name,Doralice
song_name,Johnny Cash - You Remembered Me
song_name,The Song Is You
song_name,There You Go
song_name,Lean Baby
song_name,Thunderbird
song_name,Mean Eyed Cat
song_name,I still miss someone with lyrics
song_name,Frank Sinatra - The Way You Look Tonight
song_name,The First Noel
song_name,Flushed From The Bathroom Of Your Heart
song_name,Take A Chance
song_name,Send In The Clowns
song_name,Ten Dollar Man
song_name,I've Been Everywhere
song_name,Kate
song_name,Taller Than Trees
song_name,The Highwaymen Live Forever
song_name,I Couldn't Keep from Crying
song_name,Thug
song_name,What Can I Say
song_name,Johnny Cash - If I Told You Who It Was lyrics
song_name,Johnny Cash - Folsom Prison Blues
song_name,A Backstage Pass
song_name,Jeepers Creepers
song_name,Moonlight Serenade
song_name,te de Mim
song_name,Please Come Home For Christmas
song_name,I Won't Have To Cross Jordan Alone
song_name,Lumberjack - Johnny Cash
song_name,Big River
song_name,Frank Sinatra and Elvis Presley
song_name,So Doggone Lonesome
song_name,Dark Frame-
song_name,Wave
song_name,ZZ Top - Cheap Sunglasses
song_name,Swing Low- Sweet Chariot
song_name,Body and Soul
song_name,The Sound of Johnny Cash
song_name,Sonic
song_name,Prince - Nothing Compares 2 U
song_name,When I Take My Vacation In Heaven
song_name,The Ancient Art Of Always Fucking Up
song_name,One
song_name,Call Your Mother
song_name,It Ain't Me Babe
song_name,Pela Luz dos Olhos Teus
song_name,Bridge Over Troubled Water
song_name,Dizer Que N√£o)
song_name,I Love You- Love you
song_name,Johnny Cash - Like a Soldier
song_name,When I Fall In Love
song_name,Samba De Orly
song_name,ZZ Top - Legs
song_name,Juice WRLD - Viva La Vida ft. The Kid LAROI
song_name,I'm Movin' On
song_name,I Came To Believe lyrics
song_name,Halo
song_name,kanye ai
song_name,Johnny Cash - Drink To Me
song_name,Ghost Riders in the Sky
song_name,House of the Rising Sun
song_name,Almost Like Being In Love
song_name,Johnny Cash
song_name,El Matador
song_name,I Drink Alone
song_name,ZZ Top - Goin Down To Mexico
song_name,Frank Sinatra - Thriller
song_name,Chamber of Reflection
song_name,Old Apache Squaw
song_name,ZZ Top -  I Thank You
song_name,Roda
song_name,Johnny Cash Clementine
song_name,Johnny Cash - One More Ride lyrics
song_name,Yes Sir- That‚Äôs My Baby
song_name,December 2009)
song_name,Johnny Cash - Don't take your guns to town lyrics
song_name,"One"
song_name,Video Games
song_name,Dirty Dog
song_name,Johnny Cash - Folsom Prison Blues & I Walk The Line
song_name,Have I Told You Lately That I Love You
song_name,THE  TROUBADOUR  by  JOHNNY  CASH
song_name,The Most Beautiful Girl in the World
song_name,Straight As In Love
song_name,Johnny cash - I still miss someone with lyrics
song_name,All the Way - Celine Dion and Frank Sinatra LIVE
song_name,Nancy
song_name,Leave Me Slowly
song_name,Numb
song_name,Wrap Your Troubles In Dreams
song_name,If I Had Three Wishes
song_name,Nine Pound Hammer
song_name,johnny cash you dreamer you.
song_name,Forty Shades of Green
song_name,Neco Arc - Virtual Insanity
song_name,I Believe
song_name,Diamonds
song_name,Pointless
song_name,Burning
song_name,Johnny Cash and June Carter - Jackson - Live at Folsom Prison
song_name,Cry- Cry- Cry - Johnny Cash
song_name,The Little Drummer Boy
song_name,This Love Of Mine
song_name,Sleigh Bells
song_name,You Won't Have Far to Go
song_name,The General Lee
song_name,Johnny Cash - I Came To Believe lyrics
song_name,I Gotsta Get Paid
song_name,Chega de Saudade
song_name,Johnny Cash - Seasons Of My Heart 1960
song_name,Well Did You Evah?
song_name,Samba Da Minha Terra
song_name,Hey Hey Train
song_name,Haven't You Ever Been In Love Before?
song_name,Kanye West - Jimmy Cooks
song_name,Johnny Cash - The long black veil - Live at Folsom Prison
song_name,Ni**as In Paris
song_name,You're The Nearest Thing To Heaven
song_name,Johnny Cash - I See A Darkness.
song_name,Bewitched
song_name,Darlin' Companion
song_name,Johnny Cash-Heavy Metal starring the D-Series of Dozer
song_name,Don't You Think It's Come Our Time
song_name,I Won't Give Up
song_name,Figure.09
song_name,All I Want for Christmas Is You
song_name,Like a Soldier
song_name,Lost On the Desert
song_name,Johnny Cash in German Tv 1983.flv
song_name,Goodbye little darlin' Start
song_name,W. Lee O Daniel
song_name,In The Jail House Now - Johnny Cash
song_name,Wuant-
song_name,Johnny Cash-Waiting For a Train
song_name,Summer Wind
song_name,Kris Kristofferson & the Mavericks - The Ballad of Ira Hayes
song_name,Rockin‚Äô
song_name,Johnny Cash -  Ain't No Grave
song_name,Santa Claus Is Comin' to Town
song_name,Best Songs Of Johnny Cash
song_name,The Reverend Mr.Black
song_name,Haunted
song_name,I Hung My Head
song_name,Come In Stranger
song_name,Sam Hall
song_name,My Treasure
song_name,Five feet high and rising with lyrics
song_name,ZZ-Top - Have you Heard?
song_name,Heart Of Gold
song_name,Johnny Cash Viel Zu Spaut .wmv
song_name,The Highwaymen Evryone Gets Crazy
song_name,JOHNNY CASH - Rock And Roll Shoes
song_name,A Thing Called Love
song_name,2000 blues
song_name,ZZ Top - A Fool for Your Stockings
song_name,Young At Heart
song_name,Alley-Gator
song_name,High Hopes
song_name,Johnny Cash-Life Goes On
song_name,They Can't Take That Away From Me
song_name,Burger man
song_name,When I've Learned
song_name,King
song_name,I Got Plenty O' Nuttin
song_name,Frank Ocean - My Eyes
song_name,Redemption
song_name,Frank Sinatra - That‚Äôs Life || sub espa√±ol ‚Ä¢ lyrics || from the Joker Soundtrack
song_name,Johnny Yuma
song_name,How Insensitive
song_name,None But The Lonely Heart
song_name,From Here To Eternity
song_name,Michael Jackson - I Feel It Coming V2
song_name,Come in stranger
song_name,Time Changes Everything - Johnny Cash
song_name,September Song
song_name,Slow Rider
song_name,MY SHIP WILL SAIL - Johnny Cash
song_name,I‚Äôm Bad- I‚Äôm Nationwide
song_name,Desafinado
song_name,After All
song_name,Blame It On My Youth
song_name,I Don't Think I Could Take You Back Again
song_name,Pennies From Heaven
song_name,Theme from New York- New York
song_name,A Boy Named Sue
song_name,Mirrors
song_name,Johnny Cash-Hurt So Bad
song_name,The Man Comes Around
song_name,The First No√´l
song_name,Nothing Compares 2 U
song_name,Laufey - From The Start - Frank Sinatra AI Cover
song_name,Oh Lonesome Me
song_name,You Dreamer You
song_name,Johnny Cash - The Man Who Couldn't Cry
song_name,That¬¥s The Way It Is
song_name,Bonanza!
song_name,Johnny Cash - Greystone chapel - Live at Folsom Prison
song_name,Santa Claus Is Comin' To Town
song_name,The Caretaker
song_name,Barquinho diferente
song_name,It Could be You
song_name,JOHNNY CASH - HAVE YOU EVER SEEN THE RAIN?
song_name,Gun Love
song_name,Windoh ou LAG-MAN -
song_name,Dragon Ball GT abertura
song_name,Johnny Cash-So Doggone Lonesome
song_name,Sambalero
song_name,I Feel It Coming
song_name,Johnny Cash - Tennessee Flat Top Box
song_name,fun fact 2
song_name,Flesh and Blood lyrics
song_name,Same Old Saturday Night
song_name,The Christmas Song
song_name,Bruce Springsteen - Give My Love To Rose
song_name,ZZ Top - I Got the Message
song_name,Falling In Love with Love
song_name,I'll Rember You
song_name,Baby- It's Cold Outside
song_name,Space marine sings 'I'm still standing' by Elton John
song_name,We Need a Little Christmas
song_name,Swingin' Down The Lane
song_name,If It's The Last Thing I Do
song_name,Tennessee
song_name,Ricfazeres - Hino de Portugal
song_name,Johnny Cash - Hey Porter
song_name,Careless Whisper - Frank Sinatra AI Cover
song_name,Abner Brown - Johnny Cash
song_name,Morena Boca De Ouro
song_name,Trocando Em Mi√∫dos
song_name,You Win Again
song_name,These Hands
song_name,From the Inside
song_name,Oney
song_name,XXXTENTACION AI - How To Save A Life
song_name,T.V. Dinners
song_name,Virtual Insanity
song_name,Theme From New York- New York
song_name,johnny cash mobile bay lirycs
song_name,Johnny Cash - You're the nearest thing to heaven
song_name,How Little We Know
song_name,Next In Line
song_name,Johnny Cash The Big Light
song_name,Billie jean
song_name,Can't Stop Rockin'
song_name,General Lee
song_name,Back In Black
song_name,It Worries Me
song_name,Over The Rainbow
song_name,Jackson with lyrics
song_name,Samba Em Preludio
song_name,What Do I Care
song_name,Windoh - Hino de Portugal
song_name,Over You
song_name,Certified Blues
song_name,I'll Never Smile Again
song_name,ZZ Top - I'm Bad- I'm Nationwide
song_name,Johnny Cash - I'll remember you
song_name,Asleep In The Desert
song_name,Who Do You Love?
song_name,If I Could Only Flag Her Down
song_name,Johnny Cash - I Love You- Love you
song_name,HANK AND JOE AND ME  by  JOHNNY  CASH
song_name,Frank Sinatra- I've got you under my skin
song_name,On the Road Again
song_name,I'll Be Around
song_name,Beggin'
song_name,RIHANNA - STAN || AI COVER
song_name,Johnny Cash-Sugartime
song_name,Mood Indigo
song_name,I'm Bad- I'm Nationwide
song_name,Meu Melhor Amigo
song_name,American Pie - Kanye West
song_name,Hey Good Lookin' - Johnny Cash
song_name,Hank And Joe And Me
song_name,Johnny Cash - Heart Of Gold
song_name,Sunday Morning Coming Down
song_name,Johnny Cash- Pickin' Time lyrics
song_name,Kazzio
song_name,Johnny Cash   The Man Comes Around
song_name,Don't Dream It's Over
song_name,It's Easy to Remember
song_name,Niggas In Paris
song_name,Stages
song_name,The House I Live In
song_name,Chicago
song_name,Adest Fideles
song_name,Five Hundred Guys
song_name,The Lady Came from Baltimore
song_name,Someone I Could Die For
song_name,A Cure For Minds Unwell
song_name,What'd I Say
song_name,Babylon
song_name,Solitary Man
song_name,With Every Breath I Take
song_name,ZZ Top - I Need You Tonight
song_name,The Baron
song_name,All or Nothing at All
song_name,just the two of us - kanye ai
song_name,My Immortal
song_name,Everybody Loves Somebody
song_name,Move Me on Down the Line
song_name,Hey! Jealous Lover
song_name,Saudade Fez Um Samba
song_name,Demons)
song_name,I Guess I'll Have To Change My Plan
song_name,S√≥ Dan√ßo Samba
song_name,ZZ Top   Thunderbird LIVE on Vinyl with Lyrics in Description
song_name,Country Boy
song_name,Bob Dylan - Train of Love
song_name,The Girl From Ipanema - Frank Sinatra & Ant√¥nio Carlos Jobim | Concert Collection
song_name,Dark Frame
song_name,Lady Be Good
song_name,Legs
song_name,The Mavericks - The Man In Black
song_name,Too Marvelous For Words
song_name,Use Somebody
song_name,Stars Fell On Alabama
song_name,Sleeping Bag
song_name,Luis Miguel & Frank Sinatra
song_name,I'd Rather Have You
song_name,ZZ Top - Gimme All Your Lovin - HQ
song_name,Pack Up Your Sorrows
song_name,Another man Done Gone
song_name,ZZ TOP - Sleeping Bag
song_name,Remember The Alamo
song_name,Just One of Those Things
song_name,Minha Namorada
song_name,Johnny Cash-Doin' My Time
song_name,Casey Jones
song_name,She‚Äôs on Fire
song_name,Playboi Carti - P.Y.T.
song_name,In My Life
song_name,Triste
song_name,I Drove Her Out Of My Mind lyrics
song_name,Understand Your Man
song_name,Sesame Street- Johnny Cash Sings Nasty Dan
song_name,Oh What a Dream
song_name,Cry- Cry- Cry
song_name,Band AI Cover]
song_name,Sky
song_name,Dancing On The Ceiling
song_name,Guess I'll Hang My Tears Out To Dry
song_name,Tem d√≥ de mim
song_name,The Highwaymen End Of All Understanding
song_name,Johnny Cash recites "The Ballad of the Harp Weaver"
song_name,Boi Ben - N√£o Vou Dar Pra Tr√°s
song_name,Gold digger
song_name,Santa Claus Is Comin' to Town- Pt. 2
song_name,Mas Que Nada
song_name,Rick Astley - Billie jean
song_name,Sheryl Crow- Willie Nelson & The Mavericks - Jackson / Orange Blossom Special
song_name,I'm Free From The Chain Gang Now
song_name,I Would Like to See You Again
song_name,Daddy sang bass with lyrics
song_name,I See Your Face Before Me
song_name,Mary's Boy Child
song_name,Penthouse eyes
song_name,Alicia Keys & John Mayer - If I ain't got you - Gravity
song_name,Why Do You Punish Me
song_name,It All Depends on You
song_name,Goodbye Little Darling
song_name,The Pretender
song_name,Kanye West
song_name,Outra Vez
song_name,EPIC ROCK | ''Dead Man Walking'' by WAR*HALL
song_name,Long Legged Guitar Pickin' Man - Johnny Cash & June Carter
song_name,Luck Be A Lady
song_name,Got Me Under Pressure
song_name,Johnny Cash - Ghost Riders In The Sky Legendado Tradu√ß√£o
song_name,God's Gonna Cut You Down Closed Captioned
song_name,I'm So Lonesome I Could Cry
song_name,Delia's Gone
song_name,Travis Scott - Drowning
song_name,Johnny Cash - Mama's Baby
song_name,Someone You Loved
song_name,Unofficial) Music Video
song_name,Sway by Frank Sinatra
song_name,Johnny Cash - Father and Son - Legendado em PT-BR
song_name,Woke up with Wood
song_name,as the world caves in  -
song_name,All Of Me
song_name,Don't Cry Joe
song_name,Tennessee Flat ‚Äì Top Box
song_name,I'm Alright Now
song_name,Anything Goes
song_name,Just Like Heaven
song_name,Take Me Home- Country Roads
song_name,Jschlatt - Welcome to the Internet
song_name,Rusty Cage
song_name,Taking Over Me
song_name,Little Girl Blue
song_name,Hold Me While You Wait
song_name,Brown Sugar
song_name,My Lucky Card
song_name,Fuzzbox Voodoo
song_name,You're the nearest thing to heaven
song_name,Bim bom
song_name,I Saw A Man
song_name,Sixteen Tons
song_name,Goodbye
song_name,Goin So Good - ZZ Top with lyrics
song_name,I'll Never Be The Same
song_name,Lovesong
song_name,All of Me
song_name,Look To Your Heart
song_name,Bolinha de Papel
song_name,Johnny Cash - Orange Blossom Special - Live at San Quentin
song_name,Sing It Pretty- Sue
song_name,Joji
song_name,I Only Have Eyes For You
song_name,The Power of Love
song_name,Good King Wenceslas
song_name,Die in a Fire BUT SQUIDWARD SINGS IT
song_name,johnny cash~Forty shades of green~
song_name,Hello
song_name,Daddy Sang Bass
song_name,New Mexico
song_name,Johnny Cash feat. U2- The Wanderer
song_name,Ai Quem Me Dera
song_name,Johnny Cash - The Baron - 10/10 The Greatest Love Affair
song_name,I'd Just Be Fool Enough
song_name,Beer Drinkers & Hell Raisers
song_name,I Could Never Be Ashamed Of You
song_name,Over the Rainbow
song_name,Your Love For Me
song_name,this is what heartbreak feels like
song_name,The One I Love
song_name,Johnny Cash-The Ways of a Woman in Love
song_name,Dorraine Of Pontchartrain
song_name,Johnny Cash - Tennessee Stud
song_name,1980")
song_name,Life Goes On
song_name,Take me home - Johnny Cash
song_name,Cheek To Cheek
song_name,Close To You
song_name,Gone- Gone)
song_name,When He Reached Down His Hand For Me
song_name,Jump Up- Super Star
song_name,Antenna Head
song_name,Locomotive Man
song_name,I Got It Bad
song_name,The Shepherd Of My Heart
song_name,I Won't Dance
song_name,Let It Snow- Let It Snow- Let It Snow
song_name,Fraink Sinatra ‚Äì Bad Romance
song_name,Tom Jones- Engelbert- Frank Sinatra- Paul Anka- Andy Williams üéóOldies But Goodies 50s 60s 70s
song_name,The Way You Look Tonight- Adam Levine
song_name,Thunder)
song_name,Mistletoe and Holly
song_name,That Old Feeling
song_name,It Could Happen To You
song_name,Johnny Cash - Live On CBS Records Convention 1973
song_name,Bring Me To Life
song_name,Run Softly- Blue River
song_name,Johnny Cash - No One Will Ever Know
song_name,04/10 A Ceiling-Four Walls And A Floor
song_name,Chris Isaak & The Mavericks - I Guess Things Happen That Way & Get Rhythm
song_name,Breakaway
song_name,Strangers In The Night
song_name,She's A Heartbreaker
song_name,Fotografia
song_name,Day In - Day Out
song_name,I Couldn't Keep From Crying
song_name,Bruises
song_name,Johnny Cash -  Man On The Hill
song_name,Johnny Cash - General Lee
song_name,Live at Folsom Prison
song_name,Crazy Old Soldier
song_name,STAN || AI COVER
song_name,Nobody's Listening
song_name,A Day In The Grand Canyon
song_name,Memories Of You
song_name,LOOKING BACK IN ANGER 1971
song_name,It Was A Very Good Year
song_name,Johnny Cash - 25 minutes to go - Live at Folsom Prison
song_name,There's No Business Like Show Business
song_name,Clementine
song_name,Moon River
song_name,Johnny Cash-I Couldn't Keep from Crying
song_name,Frank Sinatra Sings Just The Two Of Us
song_name,I Could Have Danced All Night
song_name,Daddy- Who's Gene Autry? -- Johnny Cash
song_name,Gator
song_name,Jeri And Nina's Melody
song_name,Hit the Floor
song_name,Girl from the North Country
song_name,Farolito
song_name,The Rebel - Johnny Yuma
song_name,Frankie's Man- Johnny - Johnny Cash
song_name,God Will
song_name,MINECRAFT DOOR - GANGSTA`S PARADISE
song_name,'Cause I Love You
song_name,Strangers
song_name,johnny cash~The rebel-Johnny Yuma~
song_name,Johnny Cash-Train of Love
song_name,Baby It's Cold Outside
song_name,ZZ Top - TV Dinners
song_name,Can√ß√£o do Amor Demais
song_name,Johnny Cash - Legends in Concert
song_name,E
song_name,Higher Love
song_name,The Old Account
song_name,El Diablo
song_name,Read All About It- Pt. III
song_name,Wabash Blues
song_name,Johnny Cash - So Doggone Lonesome
song_name,Rock And Roll Shoes
song_name,Can't We Be Friends?
song_name,Snowfall
song_name,I Got the Six
song_name,Blue Skies
song_name,Johnny Cash- There You Go
song_name,"Sway"
song_name,If I Had You
song_name,He Turned The Water Into Wine
song_name,Snow In His Hair
song_name,Stargirl Interlude
song_name,Violets For Your Furs
song_name,Live On CBS Records Convention 1973
song_name,Love Locked Out
song_name,Straight a's in Love - Johnny Cash
song_name,I'm Gonna Live Till I Die
song_name,I Could Never Be Ashamed of You
song_name,God Must Have My Fortune Laid Away
song_name,I Get a Kick out of You
song_name,Here Comes Santa Claus
song_name,Every Little Thing She Does Is Magic
song_name,Arrested For Driving While Blind
song_name,O Come All Ye Faithful
song_name,Mind If I Make Love To You
song_name,If The Good Lord's Willing
song_name,Johnny Cash - Dark as a dungeon - Live at Folsom Prison
song_name,I've Got the World on a String
song_name,From The Bottom To The Top
song_name,Johnny Cash - I Would Like To See You Again
song_name,Bad Girl
song_name,I Can Read Between The Lines
song_name,Johnny Cash - A Little At A Time
song_name,Little Magic Glasses
song_name,Romantic Homicide - Joji
song_name,Don't Change Your Mind About Me
song_name,Silent Night
song_name,Ain't That A Kick In The Head
song_name,We'll Be Together Again
song_name,I Left My Heart in San Francisco
song_name,Creep
song_name,How This Ends
song_name,MELHOR OU PIOR)
song_name,Johnny Cash - Letters from home
song_name,The End Of A Love Affair
song_name,Port of Lonely Hearts
song_name,A Fool for Your Stockings
song_name,Nice 'N' Easy - Frank Sinatra | Concert Collection
song_name,Fly Me to the Moon / Lucky
song_name,January 1968)
song_name,I Got the Message
song_name,Tet√™
song_name,Remember the Alamo
song_name,I Can't Help It
song_name,Tiger Whitehead
song_name,Liquor
song_name,Welcome to the Internet
song_name,Johnny Cash - He Turned The Water Into Wine
song_name,Preciso Aprender A Ser S√≥
song_name,I Won't Back Down)
song_name,The Hard Way - Johnny Cash
song_name,Stan Getz feat. Astrud Gilberto - Corcovado
song_name,Christmas Time All Over the World
song_name,The Highwaymen
song_name,I'm Ragged but I'm Right
song_name,I've Got a Crush on You
song_name,Johnny Cash-I Can't Help It
song_name,AI Frank Sinatra - What A Wonderful World
song_name,That's Life
song_name,The Girl Next Door
song_name,Johnny Cash - Joe Bean - Live at Folsom Prison
song_name,I'll Be Home For Christmas
song_name,Starboy
song_name,Johnny Cash What Do I Care
song_name,L-O-V-E
song_name,That‚Äôs Life || sub espa√±ol ‚Ä¢ lyrics || from the Joker Soundtrack
song_name,Danny Boy
song_name,Hurt So Bad
song_name,Streets Of Laredo
song_name,Wreck Of The Old 97
song_name,Not As A Stranger
song_name,Glad To Be Unhappy
song_name,Just In Time
song_name,‚ÄòFive Nights at Freddy‚Äôs‚Äô
song_name,Let It Snow! Let It Snow! Let It Snow!
song_name,I See A Darkness.
song_name,It's Beginning to Look a Lot Like Christmas
song_name,Bang Bang
song_name,Seasons of my Heart
song_name,Johnny Cash-Wo Ist Zuhause-Mama
song_name,DLE)- JVKE)
song_name,The Gal That Got Away
song_name,Girl In Saskatoon
song_name,Winter Wonderland
song_name,Sheik
song_name,Kai Cenat and Duke Dennis Sing Love
song_name,Johnny Cash-Oh Lonesome Me
song_name,Pearl Necklace
song_name,Golden Hour Cover
song_name,My Love
song_name,Freeza
song_name,ZZ Top - Vincent Price Blues
song_name,Where Did We Go Right
song_name,My Head's In Mississippi
song_name,I Could Have Told You
song_name,Half The World Away
song_name,ZZ Top - Lowdown in The Street
song_name,You'll Be All Right
song_name,Fool's hall of fame
song_name,The Best Is Yet To Come
song_name,Best Songs Of Frank Sinatra New Playlist 2022 | Frank Sinatra Greatest Hits Full ALbum Ever
song_name,Seasons Of My Heart 1960
song_name,Johnny Cash & Ray Charles- Crazy Old Soldier
song_name,Remember Me
song_name,Have Yourself a Merry Little Christmas
song_name,Session
song_name,Have You Heard?
song_name,From This Moment On
song_name,Here Comes Santa Clause
song_name,Ring of Fire
song_name,Lead Me Gently Home
song_name,Johnny Cash - Daddy sang bass with lyrics
song_name,I'm A Fool to Want You
song_name,Johnny Cash - Drive On
song_name,ZZ Top - Velcro Fly
song_name,Chill Out Sex Band - Stand by Me
song_name,Amar Pelos Dois
song_name,The Christmas Waltz
song_name,Johnny Cash-Blue Train
song_name,Frank Sinatra - I'm A Fool to Want You - Subtitulada
song_name,Johnny Cash - A Satisfied Mind
song_name,Frank Sinatra
song_name,Alanzoka -
song_name,Blank Space
song_name,Let Him Roll
song_name,Have Yourself A Merry Little Christmas
song_name,I'm Gonna Be
song_name,Johnny Cash - I Forget More - The Sound of Johnny Cash
song_name,Attention
song_name,Rain
song_name,Frank Sinatra - Mr. Blue Sky
song_name,Where Or When
song_name,Do You Hear What I Hear?
song_name,Coldplay - Yellow
song_name,Son Goku/Vegeta
song_name,Boy's a liar Pt. 2
song_name,Heavenly Kind Of State Of Mind
song_name,Waiting All Night
song_name,Easy Living
song_name,My shoes keep walking back to you
song_name,Johnny Cash - I'll Remember You
song_name,Sunday
song_name,Nome de Guerra
song_name,Johnny Cash - Loading Coal
song_name,Fraink Sinatra ‚Äì Gangsta's Paradise
song_name,AI Frank Sinatra - L-O-V-E
song_name,You're Sensational
song_name,Deep In A Dream
song_name,Johnny Cash - You Dreamer You
song_name,The Night Hank Williams Came to Town  by Johnny Cash
song_name,Johnny Cash - My Grandfathers Clock
song_name,Three Coins In The Fountain
song_name,I've Got The World On A String
song_name,Rose of My Heart-with lyrics-Johnny Cash
song_name,Live at San Quentin
song_name,The Great Speckled Bird
song_name,ZZ Top -  Doubleback
song_name,QUEEN- Don't Stop Me Now
song_name,Stay
song_name,1959 Full Concert Compton- CA
song_name,Yellow
song_name,Por Causa De Voc√™
song_name,Johnny Cash "The Baron"
song_name,Waylon & Johnny Cash - There Ain't No Good Chain Gang
song_name,Old Man
song_name,Ed Sheeran Can't Help Falling In Love Cover
song_name,ZZ Top - Ten Dollar Man
song_name,My Funny Valentine
song_name,That's Enough
song_name,My God Is Real
song_name,Forget Me
song_name,Two Timin' Woman - Johnny Cash
song_name,Johnny Cash - I'm Ragged but I'm Right
song_name,Wanted Man
song_name,Flowers Mean Forgiveness
song_name,Don't Make A Beggar Of Me
song_name,Stand by Me
song_name,It Was Jesus
song_name,Johnny Cash - Solitary Man
song_name,If I Told You Who It Was lyrics
song_name,The Very Best of ZZ Top Playlist
song_name,Your Song
song_name,Dark Frame-Amar Pelos Dois
song_name,Don't Worry 'Bout Me
song_name,AI Frank Sinatra - Ain't That A Kick In The Head
song_name,Guess Things Happen That Way
song_name,In The Wee Small Hours Of The Morning
song_name,I Still Miss Someone
song_name,gawr gura - ballin'
song_name,Johnny Cash - Five feet high and rising with lyrics
song_name,J√° Passou)
song_name,Cry Cry Cry
song_name,You Brought A New Kind Of Love To Me
song_name,The Continental
song_name,Shadow
song_name,Estrada do Sol
song_name,I Get a Kick Out of You
song_name,The Wall Johnny Cash
song_name,You're The One That I Want
song_name,If We Never Meet Again
song_name,Biden ft. Trump - Ni**as In Paris
song_name,I'd Still Be There
song_name,Ricfazeres -
song_name,Johnny Cash-Oh What a Dream
song_name,You'll Get Yours
song_name,Waitin' for the Bus
song_name,Celine Dion and Frank Sinatra LIVE
song_name,The Man On The Hill
song_name,The man on the hill
song_name,There's A Flaw In My Flue
song_name,Johnny Cash - I Still Miss Some One- Takes 1-11
song_name,September When It Comes
song_name,A Satisfied Mind
song_name,Fast Boat to Sydney
song_name,I'll Remember You
song_name,Happy Holiday / The Holiday Season
song_name,Gimme All Your Lovin'
song_name,How Could You Do A Thing Like That To Me
song_name,It Happened In Monterey
song_name,Wuant/Dark Frame/Kazzio-When You Wish Upon a Star
song_name,Pretty Paper
song_name,ZZ TOP Blue Jean Blues Remastered Version
song_name,Johnny Cash & June Carter - Baby Ride Easy lyrics
song_name,I'D RATHER DIE YOUNG  by  JOHNNY  CASH
song_name,Billy Gibbons of ZZ Top on CarCast with Adam Carolla
song_name,ZZ Top -  Burger man
song_name,Coisa Mais Linda
song_name,johnny cash tall man
song_name,You Shook Me All Night Long
song_name,February 1969)
song_name,Don't Make Me Go
song_name,Saturday Night
song_name,delia's gone
song_name,Why Was I Born?
song_name,JOHNNY CASH - SIXTEEN TONS
song_name,Dancing In The Dark
song_name,The Troubadour
song_name,Skinny Love
song_name,Johnny Cash-Chattanooga City Limit Sign
song_name,Johnny Cash - Green- green grass of home - Live at Folsom Prison
song_name,Rock Island Line
song_name,PewDiePie - Feel Good Inc.
song_name,Johnny Cash-Hey Hey Train
song_name,Freddie Mercury AI - Thriller
song_name,Suppertime
song_name,Everybody's Fool
song_name,Johnny Cash - I Drove Her Out Of My Mind lyrics
song_name,When Papa Played The Dobro
song_name,Cheap Sunglasses
song_name,I Got a Woman
song_name,Tell him I'm Gone
song_name,Whisper
song_name,In The Jailhouse Now
song_name,Lorena
song_name,Going To Memphis by Johnny Cash on MONO 1960 Columbia 45.
song_name,Yeat - Sky
song_name,Christmas Eve
song_name,ZZ TOP - Blue Jean Blues
song_name,It's Beginning to Look a Lot like Christmas
song_name,Oh! Look At Me Now
song_name,Ordinary Life
song_name,Johnny Cash - Greatest
song_name,Someone To Watch Over Me
song_name,Like Someone In Love
song_name,ZZ Top -  Penthouse eyes
song_name,Fire! I-DLE)- JVKE)
song_name,Anytime- Anywhere
song_name,The Sea Song
song_name,The Rebel Johnny Yuma
song_name,Accidentally on Purpose
song_name,The Gift- The Journey of Johnny Cash
song_name,Poema Dos Olhos Da Amada
song_name,Thanksgiving / I Thank You
song_name,Just one more - Johnny Cash
song_name,Guess things happen that way lyrics
song_name,Conan & Jeff Goldblum Sing Johnny Cash's Unsolicited Theme Songs | Conan O‚ÄôBrien Needs a Friend
song_name,Mambo Italiano
song_name,I'm Gonna Sit Right Down And Write Myself A Letter
song_name,Johnny Cash auf deutsch 5 Titel
song_name,Wuant/Dark/Kazzio - Jump Up- Super Star
song_name,D4rkFrame-Dragon Ball GT abertura
song_name,On The Sunny Side Of The Street
song_name,How Long Will I Love You
song_name,I Wish I Was Crazy Again
song_name,Nights
song_name,Mario - Hino de Portugal
song_name,I Don't Know Where I'm Bound
song_name,ZZ Top - Beer Drinkers & Hell Raisers
song_name,Ela √© Carioca
song_name,Legged Guitar Pickin' Man
song_name,Johnny Cash-Lately
song_name,The Best of Johnny Cash
song_name,I Will Miss You When You Go
song_name,I WILL MISS YOU WHEN YOU GO by JOHNNY CASH
song_name,Iko Iko)
song_name,Doin' My Time
song_name,Love And Marriage
song_name,ZZ Top   Blue Jean Blues on Vinyl with Lyrics in Description
song_name,Christmas Night In Harlem
song_name,TV Dinners
song_name,YOUNG GIRL A
song_name,Out Among The Stars
song_name,You Tell Me
song_name,I Walk the Line
song_name,Johnny Cash - Don't Step on Mother's roses
song_name,Johnny Cash - You Remembered Me - The Sound of Johnny Cash
song_name,Audio)
song_name,Flesh and Blood
song_name,Please Don't Play Red River Valley
song_name,this is what space feels like
song_name,Lyrics in description]
song_name,Eu Sei Que Vou Te Amar
song_name,Hino de Portugal
song_name,Adam Levine
song_name,One Note Samba
song_name,My Shoes Keep Walking Back To You
song_name,Everything Happens To Me
song_name,Somethin' Stupid
song_name,Any Old Wind That Blows
song_name,Blue Train
song_name,What Is This Thing Called Love
song_name,Lately
song_name,That Old Wheel
song_name,The Lady Is A Tramp
song_name,ZZ Top - Brown Sugar
song_name,Brigas Nunca Mais
song_name,Loading Coal
song_name,Johnny Cash- Flesh and Blood lyrics
song_name,What Phil Said at the Funeral for ZZ Top's Dusty Hill & Struggling to Live a Christian Life | Ep 326
song_name,Flatt / Scruggs / Johnny Cash- 1960- When Papa Played The Dobro
song_name,Johnny Cash - Flushed From The Bathroom Of Your Heart
song_name,Wyclef Jean - Delia's Gone
song_name,Tush
song_name,One More Ride lyrics
song_name,All My Tomorrows
song_name,Long-Legged Guitar Pickin' Man
song_name,No One Will Ever Know
song_name,Old Devil Moon
song_name,ZZ Top - Got Me Under Pressure
song_name,Mr. Blue Sky
song_name,Johnny Cash & Waylon Jennings  "Sweeter Than The Flowers"
song_name,Burger Man
song_name,Johnny Cash - Fool's hall of fame
song_name,There's No You
song_name,The Man Who Couldn't Cry
song_name,Who Wants To Be A Millionaire
song_name,My One And Only Love
song_name,O Barquinho
song_name,Learnin' The Blues
song_name,A Felicidade
song_name,The Twelve Days of Christmas
song_name,Frank Sinatra & Ant√¥nio Carlos Jobim | Concert Collection
song_name,Johnny Cash - Bird On A Wire
song_name,Deixa
song_name,One More Ride
song_name,P.Y.T.
song_name,Fairy Tale
song_name,Baubles- Bangels And Beads
song_name,I'M THE ONE)
song_name,Johnny Cash-Port of Lonely Hearts
song_name,Johnny Cash - El Matador
song_name,Viva Las Vegas
song_name,Johnny Cash & June Carter - Jackson
song_name,What A Wonderful World
song_name,Where or When
song_name,Goodbye- Little Darlin'
song_name,Don't Take Your Guns To Town
song_name,Drowning
song_name,Rudolph- The Red-Nosed Reindeer
song_name,Johnny Cash - Wanted Man
song_name,All Over Again
song_name,The Ballad Of Barbara
song_name,SIXTEEN TONS
song_name,Gravity
song_name,Forty Shades Of Green
song_name,GANGSTA`S PARADISE
song_name,Cotton Fields
song_name,Were You There
song_name,One For My Baby
song_name,Boss Jack
song_name,Love to Lay
song_name,Missin‚Äô Yo‚Äô Kissin‚Äô
song_name,I Feel It Coming V2
song_name,The Scientist
song_name,Samba Da Volta
song_name,Johnny Cash The Talking Leaves
song_name,Imaginary
song_name,Wuant/Windoh/Kazzio/Dark/Ric/Alan -
song_name,We'll Meet Again
song_name,Rudolph The Red-Nosed Reindeer
song_name,It Never Entered My Mind
song_name,Wuant/Dark Frame/Kazzio - Hino de Portugal
song_name,ZZ TOP - It's Blues Time!
song_name,Mean Eyed Cat  - Johnny Cash
song_name,When Your Lover Has Gone
song_name,All I Know
song_name,MELHOR OU PIOR
song_name,Johnny Cash   Lorena 1959
song_name,Thirteen - Johnny Cash
song_name,Precious and Grace
song_name,It's So Hard
song_name,SpongeBob - Video Games
song_name,ZZ Top - La Grange
song_name,A Foggy Day
song_name,You're Getting To Be A Habit With Me
song_name,Lumberjack
song_name,I Was There When It Happened
song_name,Johnny Cash-I Don't Think I Could Take You Back Again
song_name,Get Rhythm
song_name,Someone to Watch Over Me
song_name,Two Hearts- Two Kisses
song_name,Aaye Ho Meri Zindagi Mein
song_name,ZZ Top - Old Man
song_name,When I was your man
song_name,Official Audio)
song_name,Frank Sinatra Fly Me To The Moon
song_name,Help Me Make It Through the Night
song_name,Die for You
song_name,I Feel Better All Over
song_name,JOHNNY CASH - Call Your Mother
song_name,Oh- What a Good Thing We Had
song_name,Born To Lose
song_name,I've Got My Love to Keep Me Warm
song_name,I Need You Tonight
song_name,Garota de Ipanema
song_name,You're All- Want for Christmas
song_name,ZZ Top - Sharp Dressed Man
song_name,Jingle Bell Rock
song_name,Old Navy Blue
song_name,Walkin' the Blues
song_name,Dorraine of Ponchartrain
song_name,On a Clear Day
song_name,Classic Rock üòé Kiss- CCR - ACDC- Bon Jovi- ZZ Top- Aerosmith-Guns Roses- Metalica
song_name,Sleigh Ride
song_name,I Just Thought You'd Like To Know
song_name,My Last Breath
song_name,Tonk Girl
song_name,The Sound of Silence
song_name,JOHNNY CASH - Don't You Think It's Come Our Time
song_name,Tema pra Voc√™
song_name,10/10 The Greatest Love Affair
song_name,Down The Street To 301
song_name,My Rifle- My Pony And Me
song_name,A Thousand Miles - Neco arc
song_name,I Get Along Without You Very Well
song_name,I'm Walking Behind You
song_name,No One Ever Tells You
song_name,Honky-Tonk Girl
song_name,I Love You
song_name,Cannonball
song_name,Reminder
song_name,Lowdown in The Street
song_name,TRANSFUSION BLUES by JOHNNY CASH
song_name,Ain't No Grave
song_name,Mescalero
song_name,Pickin' Time
song_name,How I'm Feeling Now
song_name,Ol Saint Nicholas
song_name,I Heard That Lonesome Whistle Blow
song_name,Wicked Game
song_name,2001
song_name,Johnny Cash  -   Orleans Parish Prison  -   Life Of A Prisoner
song_name,Tyler- the creator - Gold digger
song_name,Last Night When We Were Young
song_name,All The Way
song_name,Train Of Love
song_name,I Believe In A Thing Called Love
song_name,ZZ Top - Just Got Paid
song_name,HQ
song_name,New York- New York
song_name,Just One More
song_name,Zz Top Greatest Hits Full Album 2023 - The Very Best of ZZ Top Playlist
song_name,Johnny Cash-New Mexico
song_name,Johnny Cash-Honky Tonk Girl
song_name,Dark Frame-MELHOR OU PIOR
song_name,I Will Follow You into the Dark
song_name,I Wish I Were In Love Again
song_name,You‚Äôre Driving Me Crazy!
song_name,BR
song_name,If I Were a Carpenter
song_name,johnny cash all over again .wmv
song_name,Come Fly With Me - Luis Miguel & Frank Sinatra
song_name,Johnny Cash - Wayfaring Stranger
song_name,Johnny Cash      the story of a broken heart
song_name,Johnny Cash - Tiger Whitehead
song_name,For Once in My Life
song_name,i got stripes
song_name,Highwayman
song_name,Passionfruit
song_name,That old Wheel
song_name,Secrets
song_name,Don't Step on Mother's roses
song_name,She Used To Love Me A Lot
song_name,Party Monster
song_name,Stormy Weather
song_name,Frosty The Snowman
song_name,Ill Wind
song_name,June Carter & Johnny Cash - Darlin' Companion
song_name,Letters from home
song_name,Old Man River
song_name,Lonesome Road
song_name,ZZ Top - Breakaway
song_name,Johnny Cash - I'd Rather Have You
song_name,The Matador
song_name,My Baby Just Cares For Me
song_name,Don't Stay
song_name,ZZ Top - She's A Heartbreaker
song_name,Johnny Cash - Get Rhythm
song_name,Frank Sinatra Greatest Hits Full Playlist  The Best Of Frank Sinatra   Frank Sinatra Collection
song_name,Wait Till You See Her
song_name,Never Gonna Give You Up - Frank Sinatra
song_name,Have you Heard?
song_name,ZZ Top - 09 Whiskey'n Mama - Rio Grande Mud 1972 mix
song_name,Just Friends
song_name,You'd Be So Nice To Come Home To
song_name,Jimmy Cooks
song_name,Johnny Cash Greatest Hits - Best Songs Of Johnny Cash
song_name,Johnny Cash- The Ways Of A Woman In Love
song_name,Put Your Dreams Away
song_name,fun fact 1
song_name,Tourniquet
song_name,Nosed Reindeer
song_name,How To Save A Life
song_name,Nice Work If You Can Get It
song_name,The Legend Of John Henry's Hammer
song_name,Amor Em Brasilia
music_streaming_provider,youtube music
music_streaming_provider,youtube
music_genre,rock
music_genre,indie
music_genre,metal
music_genre,ai covers
music_genre,pop
music_genre,jazz
playlist_name,Count Basie
playlist_name,Eliminator
playlist_name,Tres Hombres
playlist_name,American IV- The Man Comes Around
playlist_name,ZZ Top Live | STAGES
playlist_name,FRANK SINATRA INTEGRAL
playlist_name,Best AI Covers
playlist_name,Johnny Cash-The Ultimate Playlist
playlist_name,Afterburner
playlist_name,Dean Martin
playlist_name,The Highwaymen
playlist_name,Strangers In The Night
playlist_name,Broken By Desire To Be Heavenly Sent
playlist_name,Nat King Cole
playlist_name,Lewis Capaldi
playlist_name,Acoustic Covers of Love Songs
playlist_name,George Thorogood
playlist_name,AC/DC
playlist_name,My Zz Top Greatest Hits
playlist_name,Presenting Johnny Cash
playlist_name,Johnny Cash melhores
playlist_name,Billy F Gibbons
playlist_name,Meteora
playlist_name,Johnny Cash- Ring of Fire Best of Johnny Cash
playlist_name,Presenting ZZ Top
playlist_name,Frank Sinatra - Grandes Exitos- Sus Mejores Canciones- Mix Songs- Top Greatest Hits- Best Music Playlist Medley- Lo Mejor De- New York- All Albums
playlist_name,Presenting Frank Sinatra
playlist_name,Starboy
playlist_name,Really good AI covers
playlist_name,RAW
playlist_name,Ai Covers PORTUGUESES
playlist_name,Johnny cash Love songs
playlist_name,The Ghost of Johnny Cash
playlist_name,JVKE
playlist_name,Frank Sinatra covers
playlist_name,Frank Sinatra
playlist_name,Covers.ai
playlist_name,A Cosy Christmas
playlist_name,Frank Sinatra AI
playlist_name,Z Z Top
playlist_name,Carryin' On With Johnny Cash And June Carter
playlist_name,INTEGRAL JOHNNY CASH 1954 - 1962
playlist_name,The Essential Frank Sinatra